{"lrm":0.9871244635193133,"_runtime":156,"_wandb":{"runtime":156},"_step":10,"step":9,"val_loss":0.7903253436088562,"_timestamp":1.765066310578594e+09,"train_loss":0.8136442303657532,"num_tokens":2800}